date,stock_id,event,portfolio,factor
2013-01-02,6107,suspended_at_rebalance,decile,momentum
2015-01-05,3085,suspended_at_rebalance,decile,momentum
2015-05-13,5505,delisted,decile,momentum
2008-06-17,3271,delisted,decile,size
2013-01-21,3080,delisted,decile,size
2015-01-05,3085,suspended_at_rebalance,decile,size
2007-01-17,2807,delisted,decile,lowvol
2008-01-02,2412,suspended_at_rebalance,decile,lowvol
2008-10-22,2411,delisted,decile,lowvol
2011-11-18,5854,delisted,decile,lowvol
2007-01-19,2831,delisted,decile,value
2009-01-05,2396,suspended_at_rebalance,decile,value
2010-03-05,3009,delisted,decile,value
2012-12-10,5346,delisted,decile,value
2013-01-21,3080,delisted,decile,value
2013-08-30,2315,delisted,decile,value
2014-11-18,2384,delisted,decile,value
2014-12-23,3061,delisted,decile,value
2013-01-02,6107,suspended_at_rebalance,top10,momentum
2015-01-05,3085,suspended_at_rebalance,top10,size
2008-01-02,2412,suspended_at_rebalance,top10,lowvol
2007-01-19,2831,delisted,top10,value
2009-01-05,2396,suspended_at_rebalance,top10,value
2012-12-10,5346,delisted,top10,value
2013-01-21,3080,delisted,top10,value
