phase,portfolio,factor,cut,n,first_month,last_month,ann_excess,t,p,p_bonferroni,p_bh,bh_reject,dsr,ir,ci_ann_lo,ci_ann_hi,ci_ir_lo,ci_ir_hi,verdict,mean_m,se_m,lag,sr_m,skew,kurt,cagr_p,cagr_b,cagr_diff,boot_block,boot_B,boot_seed,n_trades,cost_total,n_delisted,n_suspended,holdings_min,holdings_max,family_size,var_sr,n_trials,sr0_m
exploration,decile,momentum,含 2008,108,2007-01,2015-12,-0.08638603026981594,-1.6344927327868577,0.10215543093595873,0.8172434474876699,0.17283704930225233,False,0.00011071023572034304,-0.5112254731923528,-0.1819513506876376,0.008087503005957015,-1.0318898906124208,0.05195762107533288,不顯著,-0.007198835855817994,0.00440432417435333,4,-0.14757808228209934,-0.11312041490439433,3.0005710296650365,-0.06763571016920322,0.039049959669351875,-0.1066856698385551,5,10000,20261004,1028,0.029212990662536648,1,2,40,70,8.0,0.020406703314649364,8.0,0.20842312704838656
exploration,decile,momentum,排除 2008,96,2007-01,2015-12,-0.09199601860077226,-1.6476259832310818,0.0994294451393227,0.7954355611145816,0.17283704930225233,False,0.00010782614819802683,-0.582363607989263,-0.19406508104891385,0.0081412924217268,-1.1791536215588474,0.056476734707063894,不顯著,-0.007666334883397689,0.004652958232889482,3,-0.16811389291942136,-0.1845369128539909,3.1118331140695785,0.008006408931443776,0.12081575195462801,-0.11280934302318424,5,10000,20261004,1028,0.029212990662536648,1,2,40,70,8.0,0.020406703314649364,8.0,0.20842312704838656
exploration,decile,size,含 2008,108,2007-01,2015-12,-0.014602092117835228,-0.19243847685530954,0.8473987554215592,1.0,0.8473987554215592,False,0.00900310246043692,-0.07220806458932556,-0.1526623706157809,0.13257700184389315,-0.8021070128109224,0.64115059068981,不顯著,-0.0012168410098196024,0.006323272921841507,4,-0.020844672764154498,0.23399254194500815,3.4363803815214977,-0.01057824400121532,0.039049959669351875,-0.049628203670567195,5,10000,20261004,955,0.03738245484693867,2,1,40,68,8.0,0.020406703314649364,8.0,0.20842312704838656
exploration,decile,size,排除 2008,96,2007-01,2015-12,-0.015340271244768167,-0.19972943982611333,0.8416921880029584,1.0,0.8473987554215592,False,0.012597658017527368,-0.0770449950567027,-0.15849712484998948,0.13664648484049471,-0.8730204657887757,0.6710431473068184,不顯著,-0.001278355937064014,0.006400438203686772,3,-0.022240974317850347,0.3817968925200253,3.5910203722782135,0.07133920066682253,0.12081575195462801,-0.04947655128780548,5,10000,20261004,955,0.03738245484693867,2,1,40,68,8.0,0.020406703314649364,8.0,0.20842312704838656
exploration,decile,lowvol,含 2008,108,2007-01,2015-12,0.049260625873254804,1.7836911639475304,0.07447386273282801,0.5957909018626241,0.17283704930225233,False,0.2996882704743652,0.553593121874382,-0.0010171076513682726,0.09884660528128585,-0.012954674482432302,1.126979511744233,不顯著,0.004105052156104567,0.0023014366158654823,4,0.1598085689678499,0.676555563260063,4.847297195696336,0.09333080888434697,0.039049959669351875,0.0542808492149951,5,10000,20261004,934,0.04917694191163693,3,1,40,70,8.0,0.020406703314649364,8.0,0.20842312704838656
exploration,decile,lowvol,排除 2008,96,2007-01,2015-12,0.047566656253884954,1.7078421618371593,0.08766563351636386,0.7013250681309109,0.17283704930225233,False,0.34412475902172357,0.583622017397475,-0.0038642091520256234,0.09965323628622823,-0.05282748301347312,1.2484599211201652,不顯著,0.003963888021157079,0.002320992015382175,3,0.16847716442471233,0.5454209079042553,5.723389042928977,0.177181392124103,0.12081575195462801,0.056365640169474984,5,10000,20261004,934,0.04917694191163693,3,1,40,70,8.0,0.020406703314649364,8.0,0.20842312704838656
exploration,decile,value,含 2008,108,2007-01,2015-12,0.08814672442482915,1.4824910100855642,0.13820969388761026,1.0,0.184279591850147,False,0.2560367226267075,0.5075883251592151,-0.015150222292513754,0.19826574038453287,-0.09185908376795239,1.1234532663496473,不顯著,0.007345560368735763,0.004954876838215568,4,0.1465281280840921,0.4221232011935737,3.8928763710902983,0.10298833572182708,0.039049959669351875,0.06393837605247521,5,10000,20261004,1150,0.04787285040235545,7,1,39,70,8.0,0.020406703314649364,8.0,0.20842312704838656
exploration,decile,value,排除 2008,96,2007-01,2015-12,0.09487881847250709,1.60714230067425,0.1080231558139077,0.8641852465112616,0.17283704930225233,False,0.3172166365968991,0.5598403096681499,-0.013132189074454684,0.20831520726195793,-0.08256611453502309,1.1852319089903085,不顯著,0.007906568206042257,0.004919644142727863,3,0.1616119767450549,0.6166588608151129,4.121207745818424,0.2008781195655125,0.12081575195462801,0.08006236761088448,5,10000,20261004,1150,0.04787285040235545,7,1,39,70,8.0,0.020406703314649364,8.0,0.20842312704838656
exploration,top10,momentum,含 2008,108,2007-01,2015-12,-0.10749240324633053,-1.5178459676394884,0.12905323383459394,,,,,-0.473396812597032,-0.233235529983053,0.01777038554724949,-1.0323948809158439,0.08319306296623406,不顯著（次要，不納入檢定族）,-0.008957700270527544,0.0059015871580555095,4,-0.13665788859320363,-0.21334961459212365,2.56382166974669,-0.09951088744650738,0.039049959669351875,-0.13856084711585925,5,10000,20261004,167,0.025106325075196525,0,1,10,10,,,,
exploration,top10,momentum,排除 2008,96,2007-01,2015-12,-0.13117322835552525,-1.7525578108771251,0.07967793841172835,,,,,-0.6242472365641119,-0.26724740838995753,0.007886520521243851,-1.2636200480201145,0.03868996512960604,不顯著（次要，不納入檢定族）,-0.010931102362960438,0.006237227836432744,3,-0.180204655035585,-0.27052821809160005,2.826608335069983,-0.03960231813632731,0.12081575195462801,-0.16041807009095532,5,10000,20261004,167,0.025106325075196525,0,1,10,10,,,,
exploration,top10,size,含 2008,108,2007-01,2015-12,-0.0727647499473458,-0.9538237384102503,0.3401728711858435,,,,,-0.3032236460319864,-0.2138587109679696,0.06989836770903514,-0.9368814129329117,0.2867453958232969,不顯著（次要，不納入檢定族）,-0.0060637291622788175,0.006357284808601335,4,-0.08753312683061358,0.4335511273104982,3.6930941598504803,-0.07275380710467017,0.039049959669351875,-0.11180376677402204,5,10000,20261004,168,0.029627635853879657,0,1,10,10,,,,
exploration,top10,size,排除 2008,96,2007-01,2015-12,-0.07370331795131523,-0.9096475359706835,0.36300842069250683,,,,,-0.2978721915923591,-0.22194735176231298,0.07379073065209986,-0.9377047573610656,0.2981270637986323,不顯著（次要，不納入檢定族）,-0.006141943162609602,0.006752003297689961,3,-0.08598829499997616,0.4616899483572656,3.6286602369231225,0.0005315210396199532,0.12081575195462801,-0.12028423091500806,5,10000,20261004,168,0.029627635853879657,0,1,10,10,,,,
exploration,top10,lowvol,含 2008,108,2007-01,2015-12,0.0785696681316886,1.9297697867236574,0.05363536863299113,,,,,0.6227215872716153,-0.0018578053063944455,0.154992897413832,-0.01350515375017913,1.3150736628214035,不顯著（次要，不納入檢定族）,0.006547472344307383,0.003392877424733451,4,0.17976423802072908,0.28226416598384707,3.6950809116970076,0.12786106022365828,0.039049959669351875,0.08881110055430641,5,10000,20261004,149,0.06405469552146859,0,1,10,10,,,,
exploration,top10,lowvol,排除 2008,96,2007-01,2015-12,0.06919731297697895,1.7309978631820526,0.0834521455820301,,,,,0.6249867744023947,-0.01071078553864597,0.14504619091670015,-0.09124114740232742,1.373068624292561,不顯著（次要，不納入檢定族）,0.005766442748081579,0.003331282418501236,3,0.18041814122058925,-0.23725539221780934,3.0921084460144685,0.20779767670541394,0.12081575195462801,0.08698192475078592,5,10000,20261004,149,0.06405469552146859,0,1,10,10,,,,
exploration,top10,value,含 2008,108,2007-01,2015-12,0.14325178249279416,1.5474220397191465,0.1217615100654642,,,,,0.5764361253289029,-0.022464226828577006,0.32648476646648167,-0.10851350086261519,1.2114180797109224,不顯著（次要，不納入檢定族）,0.01193764854106618,0.007714539559765373,4,0.16640277606463347,1.0768246070348069,5.049867037349951,0.1442605772206571,0.039049959669351875,0.10521061755130523,5,10000,20261004,164,0.06988199917359517,3,1,10,10,,,,
exploration,top10,value,排除 2008,96,2007-01,2015-12,0.15885810939841288,1.6564638584282725,0.09762791829821585,,,,,0.6222313435512803,-0.015192245586093875,0.3531035433937694,-0.069628806171224,1.255863883227087,不顯著（次要，不納入檢定族）,0.013238175783201073,0.007991828928741042,3,0.1796227168487771,1.0999035506307027,4.935110989619162,0.25168293073009607,0.12081575195462801,0.13086717877546805,5,10000,20261004,164,0.06988199917359517,3,1,10,10,,,,
